﻿id;dni;name;;
P100001082;7.6495E+12;AGENTE PRUEBA REMESA;;391.44
P100001132;7.6495E+12;AGENTE PRUEBA REMESA;;391.44
P100001084;7.6495E+12;AGENTE PRUEBA REMESA;;391.44
P100001085;7.6495E+12;AGENTE PRUEBA REMESA;;391.44
P100001133;7.6495E+12;AGENTE PRUEBA REMESA;;391.44
P100001134;7.6495E+12;AGENTE PRUEBA REMESA;;391.44
P100001135;7.6495E+12;AGENTE PRUEBA REMESA;;391.44
P100001136;7.6495E+12;AGENTE PRUEBA REMESA;;391.44
P100001090;7.6495E+12;AGENTE PRUEBA REMESA;;391.44
P100001137;7.6495E+12;AGENTE PRUEBA REMESA;;391.44
P100001138;7.03149E+12;PARVINA LOAYZA VANIA ALEJANDRA;;391.44
P100001139;7.03149E+12;PARVINA LOAYZA VANIA ALEJANDRA;;391.44
P100001140;7.03149E+12;PARVINA LOAYZA VANIA ALEJANDRA;;391.44
P100001095;7.03149E+12;PARVINA LOAYZA VANIA ALEJANDRA;;391.44
P100001141;7.03149E+12;PARVINA LOAYZA VANIA ALEJANDRA;;391.44
P100001097;7.03149E+12;PARVINA LOAYZA VANIA ALEJANDRA;;391.44
P100001098;7.03149E+12;PARVINA LOAYZA VANIA ALEJANDRA;;391.44
P100001099;7.03149E+12;PARVINA LOAYZA VANIA ALEJANDRA;;391.44
P100001100;7.03149E+12;PARVINA LOAYZA VANIA ALEJANDRA;;391.44
P100001101;7.03149E+12;PARVINA LOAYZA VANIA ALEJANDRA;;391.44
P100001102;7.75752E+11;ARNAO PEREZ BRYAN;;391.44
P100001103;7.75752E+11;ARNAO PEREZ BRYAN;;391.44
P100001104;7.75752E+11;ARNAO PEREZ BRYAN;;391.44
P100001105;7.75752E+11;ARNAO PEREZ BRYAN;;391.44
P100001106;7.75752E+11;ARNAO PEREZ BRYAN;;391.44
P100001107;7.75752E+11;ARNAO PEREZ BRYAN;;391.44
P100001108;7.75752E+11;ARNAO PEREZ BRYAN;;391.44
P100001109;7.75752E+11;ARNAO PEREZ BRYAN;;391.44
P100001110;7.75752E+11;ARNAO PEREZ BRYAN;;391.44
P100001111;7.75752E+11;ARNAO PEREZ BRYAN;;391.44
P100001112;7.15854E+12;LUNA MARCELO CARMEN ROSA;;391.44
P100001113;7.15854E+12;LUNA MARCELO CARMEN ROSA;;391.44
P100001114;7.15854E+12;LUNA MARCELO CARMEN ROSA;;391.44
P100001115;7.15854E+12;LUNA MARCELO CARMEN ROSA;;391.44
P100001116;7.15854E+12;LUNA MARCELO CARMEN ROSA;;391.44
P100001117;7.15854E+12;LUNA MARCELO CARMEN ROSA;;391.44
P100001118;7.15854E+12;LUNA MARCELO CARMEN ROSA;;391.44
P100001119;7.15854E+12;LUNA MARCELO CARMEN ROSA;;391.44
P100001120;7.15854E+12;LUNA MARCELO CARMEN ROSA;;391.44
P100001121;7.15854E+12;LUNA MARCELO CARMEN ROSA;;391.44
P100001122;9.999E+12;ROJAS PARRAGA ANTONIO;;391.44
P100001123;9.999E+12;ROJAS PARRAGA ANTONIO;;391.44
P100001124;9.999E+12;ROJAS PARRAGA ANTONIO;;391.44
P100001125;9.999E+12;ROJAS PARRAGA ANTONIO;;391.44
P100001126;9.999E+12;ROJAS PARRAGA ANTONIO;;391.44
P100001127;9.999E+12;ROJAS PARRAGA ANTONIO;;391.44
P100001128;9.999E+12;ROJAS PARRAGA ANTONIO;;391.44
P100001129;9.999E+12;ROJAS PARRAGA ANTONIO;;391.44
P100001130;9.999E+12;ROJAS PARRAGA ANTONIO;;391.44
P100001131;9.999E+12;ROJAS PARRAGA ANTONIO;;391.44
;;;;
;;;MONTO;
P100001149;7.6495E+12;AGENTE PRUEBA REMESA;1118.4;
P100001150;7.6495E+12;AGENTE PRUEBA REMESA;1118.4;
P100001155;7.6495E+12;AGENTE PRUEBA REMESA;1308.53;
P100001156;7.6495E+12;AGENTE PRUEBA REMESA;1308.53;
