﻿id;dni;name;;
P100001032;7.6495E+12;AGENTE PRUEBA REMESA;;106
P100001033;7.6495E+12;AGENTE PRUEBA REMESA;;106
P100001034;7.6495E+12;AGENTE PRUEBA REMESA;;106
P100001035;7.6495E+12;AGENTE PRUEBA REMESA;;106
P100001036;7.6495E+12;AGENTE PRUEBA REMESA;;106
P100001037;7.6495E+12;AGENTE PRUEBA REMESA;;106
P100001038;7.6495E+12;AGENTE PRUEBA REMESA;;106
P100001039;7.6495E+12;AGENTE PRUEBA REMESA;;106
P100001040;7.6495E+12;AGENTE PRUEBA REMESA;;106
P100001041;7.6495E+12;AGENTE PRUEBA REMESA;;106
P100001042;7.03149E+12;PARVINA LOAYZA VANIA ALEJANDRA;;106
P100001043;7.03149E+12;PARVINA LOAYZA VANIA ALEJANDRA;;106
P100001044;7.03149E+12;PARVINA LOAYZA VANIA ALEJANDRA;;106
P100001045;7.03149E+12;PARVINA LOAYZA VANIA ALEJANDRA;;106
P100001046;7.03149E+12;PARVINA LOAYZA VANIA ALEJANDRA;;106
P100001047;7.03149E+12;PARVINA LOAYZA VANIA ALEJANDRA;;106
P100001048;7.03149E+12;PARVINA LOAYZA VANIA ALEJANDRA;;106
P100001049;7.03149E+12;PARVINA LOAYZA VANIA ALEJANDRA;;106
P100001050;7.03149E+12;PARVINA LOAYZA VANIA ALEJANDRA;;106
P100001051;7.03149E+12;PARVINA LOAYZA VANIA ALEJANDRA;;106
P100001142;7.75752E+11;ARNAO PEREZ BRYAN;;106
P100001053;7.75752E+11;ARNAO PEREZ BRYAN;;106
P100001143;7.75752E+11;ARNAO PEREZ BRYAN;;106
P100001144;7.75752E+11;ARNAO PEREZ BRYAN;;106
P100001056;7.75752E+11;ARNAO PEREZ BRYAN;;106
P100001145;7.75752E+11;ARNAO PEREZ BRYAN;;106
P100001146;7.75752E+11;ARNAO PEREZ BRYAN;;106
P100001059;7.75752E+11;ARNAO PEREZ BRYAN;;106
P100001060;7.75752E+11;ARNAO PEREZ BRYAN;;106
P100001147;7.75752E+11;ARNAO PEREZ BRYAN;;106
P100001062;7.15854E+12;LUNA MARCELO CARMEN ROSA;;106
P100001063;7.15854E+12;LUNA MARCELO CARMEN ROSA;;106
P100001064;7.15854E+12;LUNA MARCELO CARMEN ROSA;;106
P100001065;7.15854E+12;LUNA MARCELO CARMEN ROSA;;106
P100001066;7.15854E+12;LUNA MARCELO CARMEN ROSA;;106
P100001148;7.15854E+12;LUNA MARCELO CARMEN ROSA;;106
P100001068;7.15854E+12;LUNA MARCELO CARMEN ROSA;;106
P100001069;7.15854E+12;LUNA MARCELO CARMEN ROSA;;106
P100001070;7.15854E+12;LUNA MARCELO CARMEN ROSA;;106
P100001071;7.15854E+12;LUNA MARCELO CARMEN ROSA;;106
P100001072;9.999E+12;ROJAS PARRAGA ANTONIO;;106
P100001073;9.999E+12;ROJAS PARRAGA ANTONIO;;106
P100001074;9.999E+12;ROJAS PARRAGA ANTONIO;;106
P100001075;9.999E+12;ROJAS PARRAGA ANTONIO;;106
P100001076;9.999E+12;ROJAS PARRAGA ANTONIO;;106
P100001077;9.999E+12;ROJAS PARRAGA ANTONIO;;106
P100001078;9.999E+12;ROJAS PARRAGA ANTONIO;;106
P100001079;9.999E+12;ROJAS PARRAGA ANTONIO;;106
P100001080;9.999E+12;ROJAS PARRAGA ANTONIO;;106
P100001081;9.999E+12;ROJAS PARRAGA ANTONIO;;106
;;;;
;;;MONTO;
P100001151;7.6495E+12;AGENTE PRUEBA REMESA;1100;
P100001152;7.6495E+12;AGENTE PRUEBA REMESA;1100;
P100001153;7.6495E+12;AGENTE PRUEBA REMESA;351;
P100001154;7.6495E+12;AGENTE PRUEBA REMESA;351;
