﻿id;dni;name
P100001032;7649502451001;AGENTE PRUEBA REMESA
P100001033;7649502451001;AGENTE PRUEBA REMESA
P100001034;7649502451001;AGENTE PRUEBA REMESA
P100001035;7649502451001;AGENTE PRUEBA REMESA
P100001036;7649502451001;AGENTE PRUEBA REMESA
P100001037;7649502451001;AGENTE PRUEBA REMESA
P100001038;7649502451001;AGENTE PRUEBA REMESA
P100001039;7649502451001;AGENTE PRUEBA REMESA
P100001040;7649502451001;AGENTE PRUEBA REMESA
P100001041;7649502451001;AGENTE PRUEBA REMESA
P100001042;7031486051001;PARVINA LOAYZA VANIA ALEJANDRA
P100001043;7031486051001;PARVINA LOAYZA VANIA ALEJANDRA
P100001044;7031486051001;PARVINA LOAYZA VANIA ALEJANDRA
P100001045;7031486051001;PARVINA LOAYZA VANIA ALEJANDRA
P100001046;7031486051001;PARVINA LOAYZA VANIA ALEJANDRA
P100001047;7031486051001;PARVINA LOAYZA VANIA ALEJANDRA
P100001048;7031486051001;PARVINA LOAYZA VANIA ALEJANDRA
P100001049;7031486051001;PARVINA LOAYZA VANIA ALEJANDRA
P100001050;7031486051001;PARVINA LOAYZA VANIA ALEJANDRA
P100001051;7031486051001;PARVINA LOAYZA VANIA ALEJANDRA
P100001052;775751651001;ARNAO PEREZ BRYAN
P100001053;775751651001;ARNAO PEREZ BRYAN
P100001054;775751651001;ARNAO PEREZ BRYAN
P100001055;775751651001;ARNAO PEREZ BRYAN
P100001056;775751651001;ARNAO PEREZ BRYAN
P100001057;775751651001;ARNAO PEREZ BRYAN
P100001058;775751651001;ARNAO PEREZ BRYAN
P100001059;775751651001;ARNAO PEREZ BRYAN
P100001060;775751651001;ARNAO PEREZ BRYAN
P100001061;775751651001;ARNAO PEREZ BRYAN
P100001062;7158540051001;LUNA MARCELO CARMEN ROSA
P100001063;7158540051001;LUNA MARCELO CARMEN ROSA
P100001064;7158540051001;LUNA MARCELO CARMEN ROSA
P100001065;7158540051001;LUNA MARCELO CARMEN ROSA
P100001066;7158540051001;LUNA MARCELO CARMEN ROSA
P100001067;7158540051001;LUNA MARCELO CARMEN ROSA
P100001068;7158540051001;LUNA MARCELO CARMEN ROSA
P100001069;7158540051001;LUNA MARCELO CARMEN ROSA
P100001070;7158540051001;LUNA MARCELO CARMEN ROSA
P100001071;7158540051001;LUNA MARCELO CARMEN ROSA
P100001072;9999000251001;ROJAS PARRAGA ANTONIO
P100001073;9999000251001;ROJAS PARRAGA ANTONIO
P100001074;9999000251001;ROJAS PARRAGA ANTONIO
P100001075;9999000251001;ROJAS PARRAGA ANTONIO
P100001076;9999000251001;ROJAS PARRAGA ANTONIO
P100001077;9999000251001;ROJAS PARRAGA ANTONIO
P100001078;9999000251001;ROJAS PARRAGA ANTONIO
P100001079;9999000251001;ROJAS PARRAGA ANTONIO
P100001080;9999000251001;ROJAS PARRAGA ANTONIO
P100001081;9999000251001;ROJAS PARRAGA ANTONIO
