﻿id;dni;name
P100001082;7649502451001;AGENTE PRUEBA REMESA
P100001083;7649502451001;AGENTE PRUEBA REMESA
P100001084;7649502451001;AGENTE PRUEBA REMESA
P100001085;7649502451001;AGENTE PRUEBA REMESA
P100001086;7649502451001;AGENTE PRUEBA REMESA
P100001087;7649502451001;AGENTE PRUEBA REMESA
P100001088;7649502451001;AGENTE PRUEBA REMESA
P100001089;7649502451001;AGENTE PRUEBA REMESA
P100001090;7649502451001;AGENTE PRUEBA REMESA
P100001091;7649502451001;AGENTE PRUEBA REMESA
P100001092;7031486051001;PARVINA LOAYZA VANIA ALEJANDRA
P100001093;7031486051001;PARVINA LOAYZA VANIA ALEJANDRA
P100001094;7031486051001;PARVINA LOAYZA VANIA ALEJANDRA
P100001095;7031486051001;PARVINA LOAYZA VANIA ALEJANDRA
P100001096;7031486051001;PARVINA LOAYZA VANIA ALEJANDRA
P100001097;7031486051001;PARVINA LOAYZA VANIA ALEJANDRA
P100001098;7031486051001;PARVINA LOAYZA VANIA ALEJANDRA
P100001099;7031486051001;PARVINA LOAYZA VANIA ALEJANDRA
P100001100;7031486051001;PARVINA LOAYZA VANIA ALEJANDRA
P100001101;7031486051001;PARVINA LOAYZA VANIA ALEJANDRA
P100001102;775751651001;ARNAO PEREZ BRYAN
P100001103;775751651001;ARNAO PEREZ BRYAN
P100001104;775751651001;ARNAO PEREZ BRYAN
P100001105;775751651001;ARNAO PEREZ BRYAN
P100001106;775751651001;ARNAO PEREZ BRYAN
P100001107;775751651001;ARNAO PEREZ BRYAN
P100001108;775751651001;ARNAO PEREZ BRYAN
P100001109;775751651001;ARNAO PEREZ BRYAN
P100001110;775751651001;ARNAO PEREZ BRYAN
P100001111;775751651001;ARNAO PEREZ BRYAN
P100001112;7158540051001;LUNA MARCELO CARMEN ROSA
P100001113;7158540051001;LUNA MARCELO CARMEN ROSA
P100001114;7158540051001;LUNA MARCELO CARMEN ROSA
P100001115;7158540051001;LUNA MARCELO CARMEN ROSA
P100001116;7158540051001;LUNA MARCELO CARMEN ROSA
P100001117;7158540051001;LUNA MARCELO CARMEN ROSA
P100001118;7158540051001;LUNA MARCELO CARMEN ROSA
P100001119;7158540051001;LUNA MARCELO CARMEN ROSA
P100001120;7158540051001;LUNA MARCELO CARMEN ROSA
P100001121;7158540051001;LUNA MARCELO CARMEN ROSA
P100001122;9999000251001;ROJAS PARRAGA ANTONIO
P100001123;9999000251001;ROJAS PARRAGA ANTONIO
P100001124;9999000251001;ROJAS PARRAGA ANTONIO
P100001125;9999000251001;ROJAS PARRAGA ANTONIO
P100001126;9999000251001;ROJAS PARRAGA ANTONIO
P100001127;9999000251001;ROJAS PARRAGA ANTONIO
P100001128;9999000251001;ROJAS PARRAGA ANTONIO
P100001129;9999000251001;ROJAS PARRAGA ANTONIO
P100001130;9999000251001;ROJAS PARRAGA ANTONIO
P100001131;9999000251001;ROJAS PARRAGA ANTONIO
