﻿item;id;remitterId;dni;name;amount;currencyExchange;amountPen;currencyCode
1;P110001030;AFEXCLRM*R1;7649502451001;AGENTE PRUEBA REMESA;2.66;3.766;10;PEN
2;P110001031;AFEXCLRM*R2;7649502451001;AGENTE PRUEBA REMESA;2.66;3.766;10;PEN
3;P110001032;AFEXCLRM*R3;7649502451001;AGENTE PRUEBA REMESA;2.66;3.766;10;PEN
4;P110001033;AFEXCLRM*R4;7649502451001;AGENTE PRUEBA REMESA;2.66;3.766;10;PEN
5;P110001034;AFEXCLRM*R5;7649502451001;AGENTE PRUEBA REMESA;2.66;3.766;10;PEN
6;P110001035;AFEXCLRM*R6;7649502451001;AGENTE PRUEBA REMESA;2.66;3.766;10;PEN
7;P110001036;AFEXCLRM*R7;7649502451001;AGENTE PRUEBA REMESA;2.66;3.766;10;PEN
8;P110001037;AFEXCLRM*R8;7649502451001;AGENTE PRUEBA REMESA;2.66;3.766;10;PEN
9;P110001038;AFEXCLRM*R9;7649502451001;AGENTE PRUEBA REMESA;2.66;3.766;10;PEN
10;P110001039;AFEXCLRM*R10;7649502451001;AGENTE PRUEBA REMESA;2.66;3.766;10;PEN
11;P110001040;AFEXCLRM*R11;7649502451001;AGENTE PRUEBA REMESA;2.66;3.766;10;PEN
12;P110001041;AFEXCLRM*R12;7649502451001;AGENTE PRUEBA REMESA;2.66;3.766;10;PEN
13;P110001042;AFEXCLRM*R13;7649502451001;AGENTE PRUEBA REMESA;2.66;3.766;10;PEN
14;P110001043;AFEXCLRM*R14;7649502451001;AGENTE PRUEBA REMESA;2.66;3.766;10;PEN
15;P110001044;AFEXCLRM*R15;7649502451001;AGENTE PRUEBA REMESA;2.66;3.766;10;PEN
16;P110001045;AFEXCLRM*R16;7649502451001;AGENTE PRUEBA REMESA;2.66;3.766;10;PEN
17;P110001046;AFEXCLRM*R17;7649502451001;AGENTE PRUEBA REMESA;2.66;3.766;10;PEN
18;P110001047;AFEXCLRM*R18;7649502451001;AGENTE PRUEBA REMESA;2.66;3.766;10;PEN
19;P110001048;AFEXCLRM*R19;7649502451001;AGENTE PRUEBA REMESA;2.66;3.766;10;PEN
20;P110001049;AFEXCLRM*R20;7649502451001;AGENTE PRUEBA REMESA;2.66;3.766;10;PEN
21;P110001050;AFEXCLRM*R21;7649502451001;AGENTE PRUEBA REMESA;2.66;3.766;10;PEN
22;P110001051;AFEXCLRM*R22;7649502451001;AGENTE PRUEBA REMESA;2.66;3.766;10;PEN
23;P110001052;AFEXCLRM*R23;7649502451001;AGENTE PRUEBA REMESA;2.66;3.766;10;PEN
24;P110001053;AFEXCLRM*R24;7649502451001;AGENTE PRUEBA REMESA;2.66;3.766;10;PEN
25;P110001054;AFEXCLRM*R25;7649502451001;AGENTE PRUEBA REMESA;2.66;3.766;10;PEN
26;P110001055;AFEXCLRM*R26;7649502451001;AGENTE PRUEBA REMESA;2.66;3.766;10;PEN
27;P110001056;AFEXCLRM*R27;7649502451001;AGENTE PRUEBA REMESA;2.66;3.766;10;PEN
28;P110001057;AFEXCLRM*R28;7649502451001;AGENTE PRUEBA REMESA;2.66;3.766;10;PEN
29;P110001058;AFEXCLRM*R29;7649502451001;AGENTE PRUEBA REMESA;2.66;3.766;10;PEN
30;P110001059;AFEXCLRM*R30;7649502451001;AGENTE PRUEBA REMESA;2.66;3.766;10;PEN
