﻿id;dni;name
P110001030;7649502451001;AGENTE PRUEBA REMESA
P110001031;7649502451001;AGENTE PRUEBA REMESA
P110001032;7649502451001;AGENTE PRUEBA REMESA
P110001033;7649502451001;AGENTE PRUEBA REMESA
P110001034;7649502451001;AGENTE PRUEBA REMESA
P110001035;7649502451001;AGENTE PRUEBA REMESA
P110001036;7649502451001;AGENTE PRUEBA REMESA
P110001037;7649502451001;AGENTE PRUEBA REMESA
P110001038;7649502451001;AGENTE PRUEBA REMESA
P110001039;7649502451001;AGENTE PRUEBA REMESA
P110001040;7649502451001;AGENTE PRUEBA REMESA
P110001041;7649502451001;AGENTE PRUEBA REMESA
P110001042;7649502451001;AGENTE PRUEBA REMESA
P110001043;7649502451001;AGENTE PRUEBA REMESA
P110001044;7649502451001;AGENTE PRUEBA REMESA
P110001045;7649502451001;AGENTE PRUEBA REMESA
P110001046;7649502451001;AGENTE PRUEBA REMESA
P110001047;7649502451001;AGENTE PRUEBA REMESA
P110001048;7649502451001;AGENTE PRUEBA REMESA
P110001049;7649502451001;AGENTE PRUEBA REMESA
P110001050;7649502451001;AGENTE PRUEBA REMESA
P110001051;7649502451001;AGENTE PRUEBA REMESA
P110001052;7649502451001;AGENTE PRUEBA REMESA
P110001053;7649502451001;AGENTE PRUEBA REMESA
P110001054;7649502451001;AGENTE PRUEBA REMESA
P110001055;7649502451001;AGENTE PRUEBA REMESA
P110001056;7649502451001;AGENTE PRUEBA REMESA
P110001057;7649502451001;AGENTE PRUEBA REMESA
P110001058;7649502451001;AGENTE PRUEBA REMESA
P110001059;7649502451001;AGENTE PRUEBA REMESA
