﻿id;dni;name
P100001132;7649502451001;AGENTE PRUEBA REMESA
P100001133;7649502451001;AGENTE PRUEBA REMESA
P100001134;7649502451001;AGENTE PRUEBA REMESA
P100001135;7649502451001;AGENTE PRUEBA REMESA
P100001136;7649502451001;AGENTE PRUEBA REMESA
P100001137;7649502451001;AGENTE PRUEBA REMESA
P100001138;7031486051001;PARVINA LOAYZA VANIA ALEJANDRA
P100001139;7031486051001;PARVINA LOAYZA VANIA ALEJANDRA
P100001140;7031486051001;PARVINA LOAYZA VANIA ALEJANDRA
P100001141;7031486051001;PARVINA LOAYZA VANIA ALEJANDRA
;;
;;
;;
;;
;;
;;
;;
;;
;;
;;
;;
;;
;;
;;
;;
;;
;;
;;
;;
;;
;;
;;
;;
;;
;;
;;
;;
;;
;;
;;
;;
;;
;;
;;
;;
