﻿id;amount;merchant;code;dni;name
P100000700;100.01;AFEXCLRM*R1;PEN;7031486051001;PARVINA LOAYZA VANIA ALEJANDRA
P100000701;100.01;AFEXCLRM*R1;PEN;7031486051001;PARVINA LOAYZA VANIA ALEJANDRA
P100000702;100.01;AFEXCLRM*R1;PEN;7031486051001;PARVINA LOAYZA VANIA ALEJANDRA
P100000703;100.01;AFEXCLRM*R1;PEN;7031486051001;PARVINA LOAYZA VANIA ALEJANDRA
P100000704;100.01;AFEXCLRM*R1;PEN;7031486051001;PARVINA LOAYZA VANIA ALEJANDRA
P100000705;100.01;AFEXCLRM*R1;PEN;7031486051001;PARVINA LOAYZA VANIA ALEJANDRA
P100000706;100.01;AFEXCLRM*R1;PEN;7031486051001;PARVINA LOAYZA VANIA ALEJANDRA
P100000707;100.01;AFEXCLRM*R1;PEN;7031486051001;PARVINA LOAYZA VANIA ALEJANDRA
P100000708;100.01;AFEXCLRM*R1;PEN;7031486051001;PARVINA LOAYZA VANIA ALEJANDRA
P100000709;100.01;AFEXCLRM*R1;PEN;7031486051001;PARVINA LOAYZA VANIA ALEJANDRA
P100000710;100.01;AFEXCLRM*R1;PEN;7031486051001;PARVINA LOAYZA VANIA ALEJANDRA
P100000711;100.01;AFEXCLRM*R1;PEN;7031486051001;PARVINA LOAYZA VANIA ALEJANDRA
P100000712;100.01;AFEXCLRM*R1;PEN;7031486051001;PARVINA LOAYZA VANIA ALEJANDRA
P100000713;100.01;AFEXCLRM*R1;PEN;7031486051001;PARVINA LOAYZA VANIA ALEJANDRA
P100000714;100.01;AFEXCLRM*R1;PEN;7031486051001;PARVINA LOAYZA VANIA ALEJANDRA
P100000715;100.01;AFEXCLRM*R1;PEN;0775751651001;ARNAO PEREZ BRYAN
P100000716;100.01;AFEXCLRM*R1;PEN;0775751651001;ARNAO PEREZ BRYAN
P100000717;100.01;AFEXCLRM*R1;PEN;0775751651001;ARNAO PEREZ BRYAN
P100000718;100.01;AFEXCLRM*R1;PEN;0775751651001;ARNAO PEREZ BRYAN
P100000719;100.01;AFEXCLRM*R1;PEN;0775751651001;ARNAO PEREZ BRYAN
P100000720;100.01;AFEXCLRM*R1;PEN;0775751651001;ARNAO PEREZ BRYAN
P100000721;100.01;AFEXCLRM*R1;PEN;0775751651001;ARNAO PEREZ BRYAN
P100000722;100.01;AFEXCLRM*R1;PEN;0775751651001;ARNAO PEREZ BRYAN
P100000723;100.01;AFEXCLRM*R1;PEN;0775751651001;ARNAO PEREZ BRYAN
P100000724;100.01;AFEXCLRM*R1;PEN;0775751651001;ARNAO PEREZ BRYAN
P100000725;100.01;AFEXCLRM*R1;PEN;9999000251001;ROJAS PARRAGA ANTONIO
P100000726;100.01;AFEXCLRM*R1;PEN;9999000251001;ROJAS PARRAGA ANTONIO
P100000727;100.01;AFEXCLRM*R1;PEN;9999000251001;ROJAS PARRAGA ANTONIO
P100000728;100.01;AFEXCLRM*R1;PEN;9999000251001;ROJAS PARRAGA ANTONIO
P100000729;100.01;AFEXCLRM*R1;PEN;9999000251001;ROJAS PARRAGA ANTONIO
P100000730;100.01;AFEXCLRM*R1;PEN;9999000251001;ROJAS PARRAGA ANTONIO
P100000731;100.01;AFEXCLRM*R1;PEN;9999000251001;ROJAS PARRAGA ANTONIO
P100000732;100.01;AFEXCLRM*R1;PEN;9999000251001;ROJAS PARRAGA ANTONIO
P100000733;100.01;AFEXCLRM*R1;PEN;9999000251001;ROJAS PARRAGA ANTONIO
P100000734;100.01;AFEXCLRM*R1;PEN;9999000251001;ROJAS PARRAGA ANTONIO
P100000735;100.01;AFEXCLRM*R1;PEN;9999000251001;ROJAS PARRAGA ANTONIO
P100000736;100.01;AFEXCLRM*R1;PEN;9999000251001;ROJAS PARRAGA ANTONIO
P100000737;100.01;AFEXCLRM*R1;PEN;9999000251001;ROJAS PARRAGA ANTONIO
P100000738;100.01;AFEXCLRM*R1;PEN;9999000251001;ROJAS PARRAGA ANTONIO
P100000739;100.01;AFEXCLRM*R1;PEN;9999000251001;ROJAS PARRAGA ANTONIO


T57369 - Ivan Castro Perez
T58739 - Juan Salazar Quispe

componentes de data wharehouse, componentes antiguos poblar en certificacicón para poder ejecutar el programa.
-geenrar el enviabon, ejecutar mainframe con oscar.


 http://devremesas.bcpperu.com
http://cerremesas.bcpperu.com
 
http://wapceu2nremd03.azurewebsites.net/ - desarrollo
http://wapceu2nremc03.azurewebsites.net/ - certificacion
 
Happy:	 
CP1	Cobro en efectivo de remesa en soles
CP2	Cobro en  efectivo de remesa en dólares (Aplica TC)
CP3	Cobro de remesa cuando es cliente BCP
 	 
UnHappy:	 
CP4	Cobro de remesa cuando NO es cliente BCP
CP5	Remesa con monto superior al tope S/.1000 o $350
CP6	Referencia ingresada no existe
CP7	Referencia existe pero no hay coincidencia con Nombre y Apellido
CP8	Realizar 3 intentos fallidos ingresando Nombre incorrecto y bloquear remesa
CP9	Referencia ya fue cobrada
CP10	DNI o Digito verificador incorrecto
CP11	No hay coincidencia entre el DNI y la referencia 


 


CUENTA AHORRO DOLARES
39070846056143
ACRU MARTINEZ AHORROS
 
CUENTA AHORRO SOLES
39070846055042
REYZON LUNA AHORROS
 
CORRIENTEEEEEEEEEEEEEEEEEEEEEEEEEE
 
CUENTA CORRIENTE DOLARES
3903486969109          
JAVA PASACHE CORRIENTE

CUENTA CORRIENTE SOLES
3903486968089
CHUTY HERNANDEZ CORRIENTE
 
CUENTA CORRIENTE DOLARES
4803486967180
CESAR RAFAGA CORRIENTE


480-3486967-1-80
cear soles cash, anular soles, ver en la cuenta bolsa
"accountNumber": "1931473620159",

LA CASITA, spred son 420 puntos 3.731 3..782

5 minutos, luego a 10
C:\Users\T58739\Documents\jmeter\jmeter\jmeter\apache-jmeter-5.5\bin
CTAD = Cuenta depósito
CTBL = Cuenta contable
mvn clean test -Dkarate.env=dev "-Dkarate.options=--tags @PREMI-7655" -Dinct-test-ciam-token-client-id=XYZ12345 -Dinct-test-ciam-token-client-secret=XYZ12345
pruebas matar el pod o reiniciar
ANULADA CON RECONCILIADA,

jmeter -g "C:\Users\T58739\Downloads\apache-jmeter-5.6.3 1\apache-jmeter-5.6.3\apache-jmeter-5.6.3\bin\summaryreport17.csv" -o "C:\Users\T58739\Downloads\apache-jmeter-5.6.3 1\apache-jmeter-5.6.3\apache-jmeter-5.6.3\bin\report"

async-nrem-commission-calculation-v1
async-nrem-log-generate-v1
async-nrem-notification-management-v1
async-nrem-publish-overdue-remittance-v1
async-nrem-remittance-annulation-v1
async-nrem-remittance-notification-v1
async-nrem-remittance-operation-validate-v1
async-nrem-remittance-operations-process-v1
async-nrem-update-remittance-operation-v1
business-nrem-remittance-customer-payment-v1
business-nrem-remittance-management-v1
business-nrem-remittance-operation-v1
business-nrem-remittance-operations-retrieve-v1
private-nrem-remittance-order-v1
scheduler-nrem-exchange-rate-v1

19270704755042 cta sol Tammy

SELECT TOP (1000) * FROM [dbo].[NREM_REMITTANCE_CUSTOMER_PAYMENT] WHERE ID='17825'
update [dbo].[NREM_REMITTANCE_CUSTOMER_PAYMENT] set EXCHANGE_RATE = 3.50 where ID = 17825;

1931473620159
update [dbo].[NREM_REMITTANCE_CUSTOMER_PAYMENT] set EXCHANGE_RATE = 1.735 where ID = 17809;
kubectl -n nrem rollout restart deploy scheduler-nrem-exchange-rate-v1
watch 'kubectl -n nrem get pods | grep business-nrem-remittance-operation-v1'

00019270669889023005
00019314736201593005
1910680905026
3903486969109
19314736201593
1910727540198
000019314736201593004
00001910680905026004

00003903486969109004
00001910727540198004  MICKEY TOUR EIRL.

Número de Cuenta	Nombre						Moneda		Tipo
19311254560141		CRISTHIAN ALEX PEREZ GARRO	USD			AH
1910727540198		MICKEY TOUR EIRL.			USD			CC
1931473603187
00001931473603187004
00001931473603187004


***
async-nrem-remittance-annulation-v1-559fb69f5c-lx62f

kubectl -n nrem rollout restart deploy business-nrem-remittance-operation-v1
watch 'kubectl -n nrem get pods | grep business-nrem-remittance-operation-v1'

abonos en cuentas por diferentes montos
10 o 15 con diferentes montos,
martes solo abono en cuenta a diferntes cuentas con diferentes montos con ITF 

191, 192 ,194

ABULACIUONES 191

448655441582
***

jaime matute o raul cajas, 
estructurar toda la estrategia de pruebas
25=19=68 
partner 21+19+13
@GET_EXCHANGE_RATE_S08
@POST_ANNULATIONS_S12
@ASYNC_NOTIFICATION_02
performance, imactos de contables, 
[NREM][API-BS-Customer-Payments-Initiate] - 
NREM - 

dolares a soles ok
soles a dolare no-ok
dolares a dolares ok
soles a soles
no soporta solos a doalres
PREMI-10527, COMISIONES FEURA DE RANGO

topes de 8001, comisiones. 
la web no permita guardar configuracion de rango de 1 1000, controlar rangos repetidos,
comisiones por porcentaje o negocio, 252419000015, DATA SENCIBLE

446655441116

ATATT3xFfGF0B_gUzqAwpHTKE-4CXWzCWQn_Rw3fJ2OPxDeHZurMIP2f_z6AxW2n-Uaarsuc2b3JRUUKjDUtRcPrv3Xo5rnVGTYfjo_DazAcRKIWmAfsFN_tRza-wjRZFfaG-14FEsz_UMry8qOsWw7z20RaeA3TOWpvaavxEHMjsHFSCrZQQVM=73E58B37

SELECT TOP (1000) * FROM [dbo].[NREM_REMITTANCE_OPERATION_ADDITIONAL_DATA] WHERE PROCESS_NUMBER!=NULL ORDER BY ID DESC
SELECT TOP (1000) * FROM [dbo].[NREM_REMITTANCE_OPERATION_ADDITIONAL_DATA] WHERE PROCESS_NUMBER='63694571' ORDER BY ID DESC
SELECT TOP (1000) * FROM [dbo].[NREM_REMITTANCE_OPERATION] WHERE OPERATION_STATUS='RECEIVED' ORDER BY ID DESC
 
 
SELECT OP.ID, OP.REFERENCE_ID, OP.AMOUNT, OP.EXCHANGE_RATE, OP.STATUS_CODE, OP.STATUS_DESCRIPTION, OP.OPERATION_STATUS, OP.AMOUNT_PAID, OP.CURRENCY_AMOUNT_PAID,OD.PROCESS_NUMBER
from [dbo].[NREM_REMITTANCE_OPERATION] OP 
join [dbo].[NREM_REMITTANCE_OPERATION_ADDITIONAL_DATA] OD
on  OP.REFERENCE_ID =  OD.REFERENCE_ID
where OD.PROCESS_NUMBER = '52002838'   


si 36961796
no 36850676
- cuando hay saldo insuficiente, mueve el dinero

1931473620159
39070846056143

Bitacora de errores gace multicash swift

446655441192

retriebve, log, update

3 Api Async update remittance operation
5 Api BS remittance operations retrive
6 Api Async log generate
7 Async remittance operations validate

pruebas de performance, solo 2 tpm
cuantos se espera tps y 

generar data para performance
-PASES UPRGRADE MQ SNAPSJOT

19270704752039
19270704753140

pagos, retiros y depósitos
customerPyment id 468 469 470
net user /domain T58739

3 Api Async update remittance operation    OCD-54079
6 Api Async log generate                    OCD-55001
7 Async remittance operations validate       OCD-54221

D
REMITTER_NAME
REMITTER_ID
DECIMAL_DIGITS
REMITTANCE_EXCHANGE
REMITTANCE_EXCHANGE_UPDATED
REMITTER_EXCHANGE
REMITTER_EXCHANGE_UPDATED
CURRENT_EXCHANGE
CURRENT_EXCHANGE_UPDATED
CREATED_AT
24
AGENTE
AGETPECA*R1
4
3.678200
2025-01-16T16:00:00.0400000
3.678200
2025-01-16T14:00:00.1000000
3.578200
2025-01-16T13:55:01.0970000
2024-11-18T20:51:01.7100000
Consulta realizada correctamente | 0s


UPDATE [dbo].[NREM_EXCHANGE_RATE_BOARD]
SET CURRENT_EXCHANGE = 3.678200
WHERE ID = 24;

3.6890
UPDATE [dbo].[NREM_EXCHANGE_RATE_BOARD]
SET REMITTANCE_EXCHANGE = 3.6732,
    REMITTER_EXCHANGE = 3.689000,
    CURRENT_EXCHANGE = 3.689000
WHERE ID = 24;

se cambio el rango: chapa redis, 
-not procesed la process, cae

web, 
http://devremesas.bcpperu.com
http://cerremesas.bcpperu.com
 
http://wapceu2nremd03.azurewebsites.net/ - desarrollo
http://wapceu2nremc03.azurewebsites.net/ - certificacion
 



https://bcp-ti.atlassian.net/projects/PREMI?selectedItem=com.atlassian.plugins.atlassian-connect-plugin:com.xpandit.plugins.xray__testing-board&ac.testExecutionKey=PREMI-10324&ac.testKey=PREMI-10378#!page=test-run&testExecutionKey=PREMI-10324&testKey=PREMI-10383&testPlanId=